Kode MK;Nama MK;Prodi MK;Prioritas;Berminat;Nama Dosen
CIE61101;Perkembangan Peserta Didik;Pendidikan Teknologi Informasi;1;Koordinator Pengelola, Pengelola, Pengampu;39
CIE61101;Perkembangan Peserta Didik;Pendidikan Teknologi Informasi;1;Pengampu;39
CIE61101;Perkembangan Peserta Didik;Pendidikan Teknologi Informasi;2;Pengampu;59
CIE61102;Filsafat Pendidikan dan Sains;Pendidikan Teknologi Informasi;1;Pengampu;59
CIE61102;Filsafat Pendidikan dan Sains;Pendidikan Teknologi Informasi;2;Pengampu;103
CIE61103;Komunikasi dan Teknologi Pendidikan;Pendidikan Teknologi Informasi;1;Koordinator Pengelola, Pengelola, Pengampu;103
CIE61103;Komunikasi dan Teknologi Pendidikan;Pendidikan Teknologi Informasi;1;Pengampu;39
CIE61108;Penilaian Hasil Belajar;Pendidikan Teknologi Informasi;1;Pengampu;100
CIE61109;Pembelajaran Mikro;Pendidikan Teknologi Informasi;1;Koordinator Pengelola, Pengelola, Pengampu;39
CIE61109;Pembelajaran Mikro;Pendidikan Teknologi Informasi;1;Pengampu;100
CIE61110;Perancangan Pembelajaran;Pendidikan Teknologi Informasi;1;Pengampu;39
CIE61110;Perancangan Pembelajaran;Pendidikan Teknologi Informasi;1;Pengampu;39
CIE61110;Perancangan Pembelajaran;Pendidikan Teknologi Informasi;1;Pengampu;100
CIE61111;Pengenalan Lapangan Persekolahan 1;Pendidikan Teknologi Informasi;1;Pengelola, Pengampu;103
CIE61111;Pengenalan Lapangan Persekolahan 1;Pendidikan Teknologi Informasi;1;Pengampu;39
CIE61111;Pengenalan Lapangan Persekolahan 1;Pendidikan Teknologi Informasi;1;Pengampu;39
CIE61111;Pengenalan Lapangan Persekolahan 1;Pendidikan Teknologi Informasi;2;Pengampu;59
CIE61112;Pengenalan Lapangan Persekolahan 2;Pendidikan Teknologi Informasi;1;Pengelola, Pengampu;103
CIE61112;Pengenalan Lapangan Persekolahan 2;Pendidikan Teknologi Informasi;1;Pengampu;39
CIE61112;Pengenalan Lapangan Persekolahan 2;Pendidikan Teknologi Informasi;1;Pengampu;39
CIE61112;Pengenalan Lapangan Persekolahan 2;Pendidikan Teknologi Informasi;2;Pengampu;59
CIE61113;Pengembangan Program Pelatihan Teknologi Informasi;Pendidikan Teknologi Informasi;1;Koordinator Pengelola, Pengelola, Pengampu;59
CIE61113;Pengembangan Program Pelatihan Teknologi Informasi;Pendidikan Teknologi Informasi;1;Pengelola, Pengampu;47
CIE61114;Pendidikan Orang Dewasa dan Berkelanjutan;Pendidikan Teknologi Informasi;1;Pengampu;39
CIE61114;Pendidikan Orang Dewasa dan Berkelanjutan;Pendidikan Teknologi Informasi;1;Pengampu;39
CIE61114;Pendidikan Orang Dewasa dan Berkelanjutan;Pendidikan Teknologi Informasi;2;Pengampu;59
CIE61115;Manajemen Sistem Pendidikan;Pendidikan Teknologi Informasi;1;Koordinator Pengelola, Pengelola, Pengampu;39
CIE61119;Multimodal Storytelling;Pendidikan Teknologi Informasi;1;Koordinator Pengelola, Pengelola, Pengampu;47
CIE61119;Multimodal Storytelling;Pendidikan Teknologi Informasi;1;Pengampu;47
CIE61120;Literasi Digital;Pendidikan Teknologi Informasi;1;Pengampu;11
CIE61120;Literasi Digital;Pendidikan Teknologi Informasi;1;Pengampu;11
CIE61120;Literasi Digital;Pendidikan Teknologi Informasi;1;Pengampu;11
CIE61120;Literasi Digital;Pendidikan Teknologi Informasi;2;Pengampu;12
CIE61120;Literasi Digital;Pendidikan Teknologi Informasi;2;Pengampu;103
CIE61205;Pemrograman Web;Pendidikan Teknologi Informasi;1;Koordinator Pengelola, Pengelola, Pengampu;103
CIE61205;Pemrograman Web;Pendidikan Teknologi Informasi;1;Pengelola, Pengampu;4
CIE61205;Pemrograman Web;Pendidikan Teknologi Informasi;1;Pengelola, Pengampu;47
CIE61205;Pemrograman Web;Pendidikan Teknologi Informasi;1;Pengampu;75
CIE61205;Pemrograman Web;Pendidikan Teknologi Informasi;1;Pengampu;82
CIE61205;Pemrograman Web;Pendidikan Teknologi Informasi;1;Pengampu;105
CIE61206;Jaringan Komputer;Pendidikan Teknologi Informasi;1;Koordinator Pengelola, Pengelola, Pengampu;17
CIE61206;Jaringan Komputer;Pendidikan Teknologi Informasi;1;Pengampu;39
CIE61206;Jaringan Komputer;Pendidikan Teknologi Informasi;1;Pengampu;75
CIE61206;Jaringan Komputer;Pendidikan Teknologi Informasi;1;Pengampu;79
CIE61208;Basis Data;Pendidikan Teknologi Informasi;1;Pengampu;4
CIE61208;Basis Data;Pendidikan Teknologi Informasi;1;Pengampu;60
CIE61208;Basis Data;Pendidikan Teknologi Informasi;1;Pengampu;75
CIE61208;Basis Data;Pendidikan Teknologi Informasi;1;Pengampu;91
CIE61208;Basis Data;Pendidikan Teknologi Informasi;1;Pengampu;102
CIE61208;Basis Data;Pendidikan Teknologi Informasi;1;Pengampu;108
CIE61215;Pengembangan Aplikasi Peranti Bergerak;Pendidikan Teknologi Informasi;1;Pengelola, Pengampu;47
CIE61301;Kalkulus dan Aljabar Linear;Pendidikan Teknologi Informasi;1;Koordinator Pengelola, Pengelola, Pengampu;103
CIE61301;Kalkulus dan Aljabar Linear;Pendidikan Teknologi Informasi;1;Pengampu;100
CIE61301;Kalkulus dan Aljabar Linear;Pendidikan Teknologi Informasi;2;Pengampu;75
CIE61402;Paradigma Berpikir Komputasi;Pendidikan Teknologi Informasi;1;Koordinator Pengelola, Pengelola, Pengampu;47
CIE61403;Paradigma Berpikir Sistem dan Desain;Pendidikan Teknologi Informasi;1;Koordinator Pengelola, Pengelola, Pengampu;47
CIE61404;Manajemen Proyek Teknologi Informasi;Pendidikan Teknologi Informasi;1;Pengampu;6
CIE61404;Manajemen Proyek Teknologi Informasi;Pendidikan Teknologi Informasi;1;Pengampu;60
CIE61404;Manajemen Proyek Teknologi Informasi;Pendidikan Teknologi Informasi;1;Pengampu;67
CIE61404;Manajemen Proyek Teknologi Informasi;Pendidikan Teknologi Informasi;1;Pengampu;76
CIE61404;Manajemen Proyek Teknologi Informasi;Pendidikan Teknologi Informasi;2;Pengampu;62
CIE61404;Manajemen Proyek Teknologi Informasi;Pendidikan Teknologi Informasi;2;Pengampu;105
CIE62104;Pengembangan Kurikulum;Pendidikan Teknologi Informasi;1;Pengampu;105
CIE62104;Pengembangan Kurikulum;Pendidikan Teknologi Informasi;1;Pengampu;105
CIE62105;Pembelajaran Berdiferensiasi;Pendidikan Teknologi Informasi;1;Koordinator Pengelola, Pengelola, Pengampu;105
CIE62105;Pembelajaran Berdiferensiasi;Pendidikan Teknologi Informasi;1;Koordinator Pengelola, Pengelola, Pengampu;103
CIE62105;Pembelajaran Berdiferensiasi;Pendidikan Teknologi Informasi;1;Pengampu;103
CIE62106;Teori dan Sains Belajar;Pendidikan Teknologi Informasi;1;Pengampu;103
CIE62106;Teori dan Sains Belajar;Pendidikan Teknologi Informasi;1;Pengampu;103
CIE62106;Teori dan Sains Belajar;Pendidikan Teknologi Informasi;1;Pengampu;100
CIE62107;Lingkungan Pembelajaran Digital;Pendidikan Teknologi Informasi;1;Koordinator Pengelola, Pengelola, Pengampu;47
CIE62107;Lingkungan Pembelajaran Digital;Pendidikan Teknologi Informasi;1;Pengelola, Pengampu;103
CIE62107;Lingkungan Pembelajaran Digital;Pendidikan Teknologi Informasi;1;Pengampu;40
CIE62107;Lingkungan Pembelajaran Digital;Pendidikan Teknologi Informasi;1;Pengampu;40
CIE62116;Teknologi Komputasi Awan;Pendidikan Teknologi Informasi;1;Koordinator Pengelola, Pengelola, Pengampu;17
CIE62116;Teknologi Komputasi Awan;Pendidikan Teknologi Informasi;1;Pengampu;20
CIE62116;Teknologi Komputasi Awan;Pendidikan Teknologi Informasi;1;Pengampu;20
CIE62117;Teknologi Peranti Internet;Pendidikan Teknologi Informasi;1;Koordinator Pengelola, Pengelola, Pengampu;17
CIE62117;Teknologi Peranti Internet;Pendidikan Teknologi Informasi;1;Pengampu;16
CIE62117;Teknologi Peranti Internet;Pendidikan Teknologi Informasi;1;Pengampu;20
CIE62117;Teknologi Peranti Internet;Pendidikan Teknologi Informasi;1;Pengampu;79
CIE62117;Teknologi Peranti Internet;Pendidikan Teknologi Informasi;2;Pengampu;79
CIE62117;Teknologi Peranti Internet;Pendidikan Teknologi Informasi;2;Pengampu;103
CIE62118;Sistem Pembelajaran Bergamifikasi dan Terpersonalisasi;Pendidikan Teknologi Informasi;1;Koordinator Pengelola, Pengelola, Pengampu;47
CIE62118;Sistem Pembelajaran Bergamifikasi dan Terpersonalisasi;Pendidikan Teknologi Informasi;1;Koordinator Pengelola, Pengelola, Pengampu;103
CIE62118;Sistem Pembelajaran Bergamifikasi dan Terpersonalisasi;Pendidikan Teknologi Informasi;1;Pengampu;40
CIE62118;Sistem Pembelajaran Bergamifikasi dan Terpersonalisasi;Pendidikan Teknologi Informasi;2;Pengampu;16
CIE62118;Sistem Pembelajaran Bergamifikasi dan Terpersonalisasi;Pendidikan Teknologi Informasi;2;Pengampu;16
CIE62201;Perancangan Antarmuka Pengguna;Pendidikan Teknologi Informasi;1;Koordinator Pengelola, Pengelola, Pengampu;22
CIE62201;Perancangan Antarmuka Pengguna;Pendidikan Teknologi Informasi;1;Koordinator Pengelola, Pengelola, Pengampu;45
CIE62201;Perancangan Antarmuka Pengguna;Pendidikan Teknologi Informasi;1;Koordinator Pengelola, Pengelola, Pengampu;47
CIE62201;Perancangan Antarmuka Pengguna;Pendidikan Teknologi Informasi;1;Pengelola, Pengampu;4
CIE62201;Perancangan Antarmuka Pengguna;Pendidikan Teknologi Informasi;1;Pengampu;16
CIE62201;Perancangan Antarmuka Pengguna;Pendidikan Teknologi Informasi;1;Pengampu;60
CIE62201;Perancangan Antarmuka Pengguna;Pendidikan Teknologi Informasi;1;Pengampu;62
CIE62201;Perancangan Antarmuka Pengguna;Pendidikan Teknologi Informasi;1;Pengampu;62
CIE62201;Perancangan Antarmuka Pengguna;Pendidikan Teknologi Informasi;2;Pengampu;12
CIE62201;Perancangan Antarmuka Pengguna;Pendidikan Teknologi Informasi;2;Pengampu;98
CIE62202;Teknologi Platform;Pendidikan Teknologi Informasi;1;Koordinator Pengelola, Pengelola, Pengampu;17
CIE62202;Teknologi Platform;Pendidikan Teknologi Informasi;1;Koordinator Pengelola, Pengelola, Pengampu;47
CIE62202;Teknologi Platform;Pendidikan Teknologi Informasi;1;Pengampu;16
CIE62202;Teknologi Platform;Pendidikan Teknologi Informasi;1;Pengampu;16
CIE62203;Pemrograman Berbasis Objek;Pendidikan Teknologi Informasi;1;Koordinator Pengelola, Pengelola, Pengampu;98
CIE62203;Pemrograman Berbasis Objek;Pendidikan Teknologi Informasi;1;Pengelola, Pengampu;4
CIE62203;Pemrograman Berbasis Objek;Pendidikan Teknologi Informasi;1;Pengelola, Pengampu;16
CIE62203;Pemrograman Berbasis Objek;Pendidikan Teknologi Informasi;1;Pengelola, Pengampu;20
CIE62203;Pemrograman Berbasis Objek;Pendidikan Teknologi Informasi;1;Pengelola, Pengampu;52
CIE62203;Pemrograman Berbasis Objek;Pendidikan Teknologi Informasi;1;Pengampu;67
CIE62203;Pemrograman Berbasis Objek;Pendidikan Teknologi Informasi;1;Pengampu;70
CIE62203;Pemrograman Berbasis Objek;Pendidikan Teknologi Informasi;1;Pengampu;75
CIE62203;Pemrograman Berbasis Objek;Pendidikan Teknologi Informasi;1;Pengampu;76
CIE62203;Pemrograman Berbasis Objek;Pendidikan Teknologi Informasi;1;Pengampu;91
CIE62204;Paradigma Sistem;Pendidikan Teknologi Informasi;1;Pengampu;6
CIE62209;Pengembangan dan Manajemen Perangkat Lunak;Pendidikan Teknologi Informasi;1;Pengelola, Pengampu;16
CIE62209;Pengembangan dan Manajemen Perangkat Lunak;Pendidikan Teknologi Informasi;1;Pengelola, Pengampu;47
CIE62209;Pengembangan dan Manajemen Perangkat Lunak;Pendidikan Teknologi Informasi;1;Pengampu;1
CIE62209;Pengembangan dan Manajemen Perangkat Lunak;Pendidikan Teknologi Informasi;1;Pengampu;6
CIE62209;Pengembangan dan Manajemen Perangkat Lunak;Pendidikan Teknologi Informasi;1;Pengampu;40
CIE62209;Pengembangan dan Manajemen Perangkat Lunak;Pendidikan Teknologi Informasi;1;Pengampu;60
CIE62209;Pengembangan dan Manajemen Perangkat Lunak;Pendidikan Teknologi Informasi;1;Pengampu;67
CIE62209;Pengembangan dan Manajemen Perangkat Lunak;Pendidikan Teknologi Informasi;1;Pengampu;76
CIE62209;Pengembangan dan Manajemen Perangkat Lunak;Pendidikan Teknologi Informasi;2;Pengampu;22
CIE62209;Pengembangan dan Manajemen Perangkat Lunak;Pendidikan Teknologi Informasi;2;Pengampu;62
CIE62209;Pengembangan dan Manajemen Perangkat Lunak;Pendidikan Teknologi Informasi;2;Pengampu;62
CIE62303;Kecerdasan Artifisial;Pendidikan Teknologi Informasi;1;Koordinator Pengelola, Pengelola, Pengampu;92
CIE62303;Kecerdasan Artifisial;Pendidikan Teknologi Informasi;1;Koordinator Pengelola, Pengelola, Pengampu;94
CIE62303;Kecerdasan Artifisial;Pendidikan Teknologi Informasi;1;Pengelola, Pengampu;30
CIE62303;Kecerdasan Artifisial;Pendidikan Teknologi Informasi;1;Pengelola, Pengampu;107
CIE62303;Kecerdasan Artifisial;Pendidikan Teknologi Informasi;1;Pengampu;16
CIE62303;Kecerdasan Artifisial;Pendidikan Teknologi Informasi;1;Pengampu;20
CIE62303;Kecerdasan Artifisial;Pendidikan Teknologi Informasi;1;Pengampu;29
CIE62303;Kecerdasan Artifisial;Pendidikan Teknologi Informasi;1;Pengampu;52
CIE62303;Kecerdasan Artifisial;Pendidikan Teknologi Informasi;1;Pengampu;97
CIE62305;Pembelajaran Emosional Sosial;Pendidikan Teknologi Informasi;1;Pengampu;97
CIE62305;Pembelajaran Emosional Sosial;Pendidikan Teknologi Informasi;1;Pengampu;97
CIE62306;Pembelajaran Inklusif;Pendidikan Teknologi Informasi;1;Koordinator Pengelola, Pengelola, Pengampu;47
CIE62306;Pembelajaran Inklusif;Pendidikan Teknologi Informasi;1;Koordinator Pengelola, Pengelola, Pengampu;47
CIE62306;Pembelajaran Inklusif;Pendidikan Teknologi Informasi;1;Pengampu;47
CIE62306;Pembelajaran Inklusif;Pendidikan Teknologi Informasi;2;Pengampu;59
CIE62306;Pembelajaran Inklusif;Pendidikan Teknologi Informasi;2;Pengampu;103
CIE62307;Sistem Pembelajaran Berbasis Multimedia, Gim, dan Peranti Bergerak;Pendidikan Teknologi Informasi;1;Koordinator Pengelola, Pengelola, Pengampu;47
CIE62307;Sistem Pembelajaran Berbasis Multimedia, Gim, dan Peranti Bergerak;Pendidikan Teknologi Informasi;1;Koordinator Pengelola, Pengelola, Pengampu;103
CIE62307;Sistem Pembelajaran Berbasis Multimedia, Gim, dan Peranti Bergerak;Pendidikan Teknologi Informasi;1;Pengelola, Pengampu;16
CIE62307;Sistem Pembelajaran Berbasis Multimedia, Gim, dan Peranti Bergerak;Pendidikan Teknologi Informasi;2;Pengampu;62
CIE62308;Sistem Pembelajaran Jarak Jauh;Pendidikan Teknologi Informasi;1;Pengelola, Pengampu;47
CIE62308;Sistem Pembelajaran Jarak Jauh;Pendidikan Teknologi Informasi;1;Pengampu;16
CIE62401;Inovasi Digital Kompetitif;Pendidikan Teknologi Informasi;1;Koordinator Pengelola, Pengelola, Pengampu;47
CIE62401;Inovasi Digital Kompetitif;Pendidikan Teknologi Informasi;1;Pengelola, Pengampu;4
CIE62401;Inovasi Digital Kompetitif;Pendidikan Teknologi Informasi;2;Pengampu;6
CIE62401;Inovasi Digital Kompetitif;Pendidikan Teknologi Informasi;2;Pengampu;45
CIS60101;Perkembangan dan Tren Teknologi Digital;Sistem Informasi;1;Koordinator Pengelola, Pengelola, Pengampu;94
CIS60101;Perkembangan dan Tren Teknologi Digital;Sistem Informasi;1;Pengelola, Pengampu;47
CIS60101;Perkembangan dan Tren Teknologi Digital;Sistem Informasi;1;Pengelola, Pengampu;108
CIS60101;Perkembangan dan Tren Teknologi Digital;Sistem Informasi;1;Pengampu;16
CIS60101;Perkembangan dan Tren Teknologi Digital;Sistem Informasi;1;Pengampu;21
CIS60101;Perkembangan dan Tren Teknologi Digital;Sistem Informasi;1;Pengampu;40
CIS60101;Perkembangan dan Tren Teknologi Digital;Sistem Informasi;1;Pengampu;40
CIS60101;Perkembangan dan Tren Teknologi Digital;Sistem Informasi;1;Pengampu;87
CIS60101;Perkembangan dan Tren Teknologi Digital;Sistem Informasi;2;Pengampu;12
CIS60102;Pengembangan Aplikasi Multiplatform;Sistem Informasi;1;Koordinator Pengelola, Pengelola, Pengampu;16
CIS60102;Pengembangan Aplikasi Multiplatform;Sistem Informasi;1;Pengelola, Pengampu;47
CIS60102;Pengembangan Aplikasi Multiplatform;Sistem Informasi;1;Pengampu;1
CIS60102;Pengembangan Aplikasi Multiplatform;Sistem Informasi;2;Pengampu;70
CIS60103;Pemrograman Web Lanjut;Sistem Informasi;1;Pengampu;1
CIS60103;Pemrograman Web Lanjut;Sistem Informasi;1;Pengampu;16
CIS60103;Pemrograman Web Lanjut;Sistem Informasi;1;Pengampu;22
CIS60103;Pemrograman Web Lanjut;Sistem Informasi;1;Pengampu;31
CIS60104;Transformasi Pemerintah;Sistem Informasi;1;Pengelola, Pengampu;94
CIS60104;Transformasi Pemerintah;Sistem Informasi;1;Pengampu;11
CIS60104;Transformasi Pemerintah;Sistem Informasi;1;Pengampu;21
CIS60104;Transformasi Pemerintah;Sistem Informasi;1;Pengampu;21
CIS60104;Transformasi Pemerintah;Sistem Informasi;1;Pengampu;108
CIS60104;Transformasi Pemerintah;Sistem Informasi;2;Koordinator Pengelola, Pengelola, Pengampu;47
CIS60104;Transformasi Pemerintah;Sistem Informasi;2;Pengampu;12
CIS60105;Strategi Transformasi Digital;Sistem Informasi;1;Koordinator Pengelola, Pengelola, Pengampu;53
CIS60105;Strategi Transformasi Digital;Sistem Informasi;1;Pengelola, Pengampu;94
CIS60105;Strategi Transformasi Digital;Sistem Informasi;1;Pengampu;94
CIS60105;Strategi Transformasi Digital;Sistem Informasi;1;Pengampu;108
CIS60106;Sistem Informasi Berkelanjutan;Sistem Informasi;1;Koordinator Pengelola, Pengelola, Pengampu;53
CIS60106;Sistem Informasi Berkelanjutan;Sistem Informasi;1;Pengelola, Pengampu;94
CIS60106;Sistem Informasi Berkelanjutan;Sistem Informasi;1;Pengampu;16
CIS60106;Sistem Informasi Berkelanjutan;Sistem Informasi;1;Pengampu;16
CIS60106;Sistem Informasi Berkelanjutan;Sistem Informasi;1;Pengampu;108
CIS60107;Gudang Data;Sistem Informasi;1;Koordinator Pengelola, Pengelola, Pengampu;72
CIS60107;Gudang Data;Sistem Informasi;1;Pengelola, Pengampu;73
CIS60107;Gudang Data;Sistem Informasi;1;Pengelola, Pengampu;102
CIS60107;Gudang Data;Sistem Informasi;2;Pengampu;16
CIS61102;Infrastruktur Teknologi Informasi;Sistem Informasi;1;Pengampu;17
CIS61102;Infrastruktur Teknologi Informasi;Sistem Informasi;2;Pengampu;103
CIS61103;Manajemen Bisnis;Sistem Informasi;1;Pengampu;87
CIS61103;Manajemen Bisnis;Sistem Informasi;1;Pengampu;108
CIS61104;Pengantar Sistem informasi;Sistem Informasi;1;Koordinator Pengelola, Pengelola, Pengampu;47
CIS61104;Pengantar Sistem informasi;Sistem Informasi;1;Pengelola, Pengampu;108
CIS61104;Pengantar Sistem informasi;Sistem Informasi;1;Pengampu;67
CIS61104;Pengantar Sistem informasi;Sistem Informasi;1;Pengampu;102
CIS61106;Keamanan dan Privasi Data;Sistem Informasi;1;Pengampu;17
CIS61106;Keamanan dan Privasi Data;Sistem Informasi;1;Pengampu;75
CIS61106;Keamanan dan Privasi Data;Sistem Informasi;1;Pengampu;108
CIS61107;Manajemen Produk;Sistem Informasi;1;Koordinator Pengelola, Pengelola, Pengampu;47
CIS61107;Manajemen Produk;Sistem Informasi;1;Pengelola, Pengampu;60
CIS61108;Rekayasa Sistem Informasi;Sistem Informasi;1;Pengelola, Pengampu;4
CIS61108;Rekayasa Sistem Informasi;Sistem Informasi;1;Pengelola, Pengampu;47
CIS61108;Rekayasa Sistem Informasi;Sistem Informasi;1;Pengampu;67
CIS61108;Rekayasa Sistem Informasi;Sistem Informasi;2;Pengampu;108
CIS61110;Pengembangan Aplikasi Mobile;Sistem Informasi;1;Pengelola, Pengampu;4
CIS61110;Pengembangan Aplikasi Mobile;Sistem Informasi;1;Pengelola, Pengampu;47
CIS61110;Pengembangan Aplikasi Mobile;Sistem Informasi;1;Pengampu;31
CIS61110;Pengembangan Aplikasi Mobile;Sistem Informasi;1;Pengampu;60
CIS61110;Pengembangan Aplikasi Mobile;Sistem Informasi;1;Pengampu;75
CIS61111;Sistem Informasi berbasis Kecerdasan Buatan;Sistem Informasi;1;Pengampu;87
CIS61111;Sistem Informasi berbasis Kecerdasan Buatan;Sistem Informasi;2;Pengampu;89
CIS61111;Sistem Informasi berbasis Kecerdasan Buatan;Sistem Informasi;2;Pengampu;108
CIS61112;Dasar Manajemen Proyek;Sistem Informasi;1;Pengelola, Pengampu;47
CIS61112;Dasar Manajemen Proyek;Sistem Informasi;1;Pengampu;6
CIS61112;Dasar Manajemen Proyek;Sistem Informasi;1;Pengampu;67
CIS61112;Dasar Manajemen Proyek;Sistem Informasi;1;Pengampu;76
CIS61112;Dasar Manajemen Proyek;Sistem Informasi;1;Pengampu;87
CIS61112;Dasar Manajemen Proyek;Sistem Informasi;1;Pengampu;102
CIS61113;Sistem Enterprise;Sistem Informasi;1;Pengampu;76
CIS61115;Komunikasi Profesional;Sistem Informasi;1;Pengampu;87
CIS61115;Komunikasi Profesional;Sistem Informasi;1;Pengampu;108
CIS61118;Rekayasa Kebutuhan Sistem Informasi;Sistem Informasi;1;Pengelola, Pengampu;4
CIS61119;Manajemen Risiko dan Kontrol Sistem Informasi;Sistem Informasi;1;Pengampu;6
CIS61119;Manajemen Risiko dan Kontrol Sistem Informasi;Sistem Informasi;2;Pengelola, Pengampu;47
CIS61120;Perbaikan Proses Bisnis;Sistem Informasi;1;Pengampu;6
CIS61120;Perbaikan Proses Bisnis;Sistem Informasi;1;Pengampu;108
CIS61123;Enterprise Architecture II;Sistem Informasi;1;Pengampu;76
CIS61123;Enterprise Architecture II;Sistem Informasi;1;Pengampu;87
CIS61123;Enterprise Architecture II;Sistem Informasi;2;Pengampu;6
CIS61124;Pengembangan Gim;Sistem Informasi;1;Pengelola, Pengampu;47
CIS61124;Pengembangan Gim;Sistem Informasi;2;Pengampu;103
CIS61125;Pengantar GeoInformasi;Sistem Informasi;1;Koordinator Pengelola, Pengelola, Pengampu;87
CIS61127;Pengembangan Berorientasi Penggunaan Ulang;Sistem Informasi;1;Pengelola, Pengampu;4
CIS61128;Keamanan Jaringan dan Siber;Sistem Informasi;1;Pengampu;17
CIS62102;Desain Antar Muka Pengguna;Sistem Informasi;1;Koordinator Pengelola, Pengelola, Pengampu;22
CIS62102;Desain Antar Muka Pengguna;Sistem Informasi;1;Koordinator Pengelola, Pengelola, Pengampu;45
CIS62102;Desain Antar Muka Pengguna;Sistem Informasi;1;Koordinator Pengelola, Pengelola, Pengampu;47
CIS62102;Desain Antar Muka Pengguna;Sistem Informasi;1;Pengelola, Pengampu;4
CIS62102;Desain Antar Muka Pengguna;Sistem Informasi;1;Pengelola, Pengampu;16
CIS62102;Desain Antar Muka Pengguna;Sistem Informasi;1;Pengampu;12
CIS62102;Desain Antar Muka Pengguna;Sistem Informasi;1;Pengampu;37
CIS62102;Desain Antar Muka Pengguna;Sistem Informasi;1;Pengampu;62
CIS62102;Desain Antar Muka Pengguna;Sistem Informasi;1;Pengampu;87
CIS62102;Desain Antar Muka Pengguna;Sistem Informasi;2;Pengampu;70
CIS62103;Jaringan dan Komputasi Awan;Sistem Informasi;1;Pengampu;16
CIS62103;Jaringan dan Komputasi Awan;Sistem Informasi;1;Pengampu;17
CIS62103;Jaringan dan Komputasi Awan;Sistem Informasi;1;Pengampu;20
CIS62103;Jaringan dan Komputasi Awan;Sistem Informasi;1;Pengampu;41
CIS62103;Jaringan dan Komputasi Awan;Sistem Informasi;1;Pengampu;75
CIS62103;Jaringan dan Komputasi Awan;Sistem Informasi;2;Pengampu;21
CIS62103;Jaringan dan Komputasi Awan;Sistem Informasi;2;Pengampu;65
CIS62103;Jaringan dan Komputasi Awan;Sistem Informasi;2;Pengampu;79
CIS62104;Pemodelan Proses Bisnis;Sistem Informasi;1;Koordinator Pengelola, Pengelola, Pengampu;13
CIS62104;Pemodelan Proses Bisnis;Sistem Informasi;1;Koordinator Pengelola, Pengelola, Pengampu;53
CIS62104;Pemodelan Proses Bisnis;Sistem Informasi;1;Pengelola, Pengampu;6
CIS62104;Pemodelan Proses Bisnis;Sistem Informasi;1;Pengampu;16
CIS62104;Pemodelan Proses Bisnis;Sistem Informasi;1;Pengampu;49
CIS62104;Pemodelan Proses Bisnis;Sistem Informasi;1;Pengampu;55
CIS62104;Pemodelan Proses Bisnis;Sistem Informasi;1;Pengampu;108
CIS62105;Pengantar Sains Data;Sistem Informasi;1;Pengelola, Pengampu;16
CIS62105;Pengantar Sains Data;Sistem Informasi;1;Pengelola, Pengampu;52
CIS62105;Pengantar Sains Data;Sistem Informasi;1;Pengelola, Pengampu;72
CIS62105;Pengantar Sains Data;Sistem Informasi;1;Pengelola, Pengampu;73
CIS62105;Pengantar Sains Data;Sistem Informasi;1;Pengelola, Pengampu;94
CIS62105;Pengantar Sains Data;Sistem Informasi;1;Pengampu;20
CIS62105;Pengantar Sains Data;Sistem Informasi;1;Pengampu;37
CIS62105;Pengantar Sains Data;Sistem Informasi;1;Pengampu;63
CIS62105;Pengantar Sains Data;Sistem Informasi;1;Pengampu;63
CIS62105;Pengantar Sains Data;Sistem Informasi;1;Pengampu;80
CIS62105;Pengantar Sains Data;Sistem Informasi;1;Pengampu;87
CIS62105;Pengantar Sains Data;Sistem Informasi;1;Pengampu;92
CIS62105;Pengantar Sains Data;Sistem Informasi;1;Pengampu;97
CIS62105;Pengantar Sains Data;Sistem Informasi;1;Pengampu;102
CIS62105;Pengantar Sains Data;Sistem Informasi;2;Pengampu;11
CIS62105;Pengantar Sains Data;Sistem Informasi;2;Pengampu;21
CIS62105;Pengantar Sains Data;Sistem Informasi;2;Pengampu;89
CIS62106;Pemrograman Web;Sistem Informasi;1;Koordinator Pengelola, Pengelola, Pengampu;16
CIS62106;Pemrograman Web;Sistem Informasi;1;Pengelola, Pengampu;4
CIS62106;Pemrograman Web;Sistem Informasi;1;Pengelola, Pengampu;22
CIS62106;Pemrograman Web;Sistem Informasi;1;Pengelola, Pengampu;47
CIS62106;Pemrograman Web;Sistem Informasi;1;Pengampu;1
CIS62106;Pemrograman Web;Sistem Informasi;1;Pengampu;31
CIS62106;Pemrograman Web;Sistem Informasi;1;Pengampu;37
CIS62106;Pemrograman Web;Sistem Informasi;1;Pengampu;75
CIS62106;Pemrograman Web;Sistem Informasi;1;Pengampu;82
CIS62106;Pemrograman Web;Sistem Informasi;1;Pengampu;98
CIS62106;Pemrograman Web;Sistem Informasi;1;Pengampu;105
CIS62106;Pemrograman Web;Sistem Informasi;2;Pengampu;70
CIS62106;Pemrograman Web;Sistem Informasi;2;Pengampu;103
CIS62108;Enterprise Architecture I;Sistem Informasi;1;Koordinator Pengelola, Pengelola, Pengampu;13
CIS62108;Enterprise Architecture I;Sistem Informasi;1;Pengelola, Pengampu;6
CIS62108;Enterprise Architecture I;Sistem Informasi;1;Pengelola, Pengampu;55
CIS62108;Enterprise Architecture I;Sistem Informasi;1;Pengampu;62
CIS62108;Enterprise Architecture I;Sistem Informasi;1;Pengampu;76
CIS62108;Enterprise Architecture I;Sistem Informasi;1;Pengampu;87
CIS62108;Enterprise Architecture I;Sistem Informasi;2;Pengampu;87
CIS62109;Pengujian dan Evaluasi Sistem Informasi;Sistem Informasi;1;Pengelola, Pengampu;4
CIS62109;Pengujian dan Evaluasi Sistem Informasi;Sistem Informasi;1;Pengampu;67
CIS62110;Perencanaan Strategis Sistem Informasi;Sistem Informasi;1;Pengelola, Pengampu;6
CIS62110;Perencanaan Strategis Sistem Informasi;Sistem Informasi;2;Pengelola, Pengampu;47
CIS62112;Kecerdasan Bisnis dan Analitik;Sistem Informasi;1;Koordinator Pengelola, Pengelola, Pengampu;72
CIS62112;Kecerdasan Bisnis dan Analitik;Sistem Informasi;1;Pengelola, Pengampu;94
CIS62112;Kecerdasan Bisnis dan Analitik;Sistem Informasi;1;Pengelola, Pengampu;102
CIS62112;Kecerdasan Bisnis dan Analitik;Sistem Informasi;1;Pengampu;87
CIS62113;Pola-Pola Perancangan;Sistem Informasi;1;Koordinator Pengelola, Pengelola, Pengampu;16
CIS62113;Pola-Pola Perancangan;Sistem Informasi;1;Pengelola, Pengampu;4
CIS62113;Pola-Pola Perancangan;Sistem Informasi;1;Pengampu;37
CIS62113;Pola-Pola Perancangan;Sistem Informasi;1;Pengampu;76
CIS62114;Pengembangan Aplikasi Mobile Lanjut;Sistem Informasi;1;Koordinator Pengelola, Pengelola, Pengampu;16
CIS62114;Pengembangan Aplikasi Mobile Lanjut;Sistem Informasi;1;Pengampu;60
CIS62114;Pengembangan Aplikasi Mobile Lanjut;Sistem Informasi;2;Pengelola, Pengampu;47
CIS62114;Pengembangan Aplikasi Mobile Lanjut;Sistem Informasi;2;Pengampu;70
CIS62115;Manajemen Investasi Teknologi Informasi;Sistem Informasi;1;Koordinator Pengelola, Pengelola, Pengampu;94
CIS62115;Manajemen Investasi Teknologi Informasi;Sistem Informasi;1;Pengelola, Pengampu;62
CIS62115;Manajemen Investasi Teknologi Informasi;Sistem Informasi;1;Pengampu;6
CIS62115;Manajemen Investasi Teknologi Informasi;Sistem Informasi;1;Pengampu;13
CIS62115;Manajemen Investasi Teknologi Informasi;Sistem Informasi;1;Pengampu;22
CIS62115;Manajemen Investasi Teknologi Informasi;Sistem Informasi;1;Pengampu;49
CIS62115;Manajemen Investasi Teknologi Informasi;Sistem Informasi;1;Pengampu;60
CIS62115;Manajemen Investasi Teknologi Informasi;Sistem Informasi;1;Pengampu;87
CIS62115;Manajemen Investasi Teknologi Informasi;Sistem Informasi;2;Pengampu;53
CIS62117;Manajemen Rantai Suplai;Sistem Informasi;1;Koordinator Pengelola, Pengelola, Pengampu;53
CIS62117;Manajemen Rantai Suplai;Sistem Informasi;1;Koordinator Pengelola, Pengelola, Pengampu;94
CIS62117;Manajemen Rantai Suplai;Sistem Informasi;1;Pengelola, Pengampu;22
CIS62117;Manajemen Rantai Suplai;Sistem Informasi;1;Pengelola, Pengampu;108
CIS62117;Manajemen Rantai Suplai;Sistem Informasi;1;Pengampu;108
CIS62125;GeoInformasi Lanjut;Sistem Informasi;1;Koordinator Pengelola, Pengelola, Pengampu;11
CIS62125;GeoInformasi Lanjut;Sistem Informasi;1;Koordinator Pengelola, Pengelola, Pengampu;87
CIS62126;Evaluasi Pengalaman dan Antarmuka Pengguna;Sistem Informasi;1;Koordinator Pengelola, Pengelola, Pengampu;45
CIS62126;Evaluasi Pengalaman dan Antarmuka Pengguna;Sistem Informasi;1;Pengelola, Pengampu;4
CIS62126;Evaluasi Pengalaman dan Antarmuka Pengguna;Sistem Informasi;1;Pengelola, Pengampu;12
CIS62126;Evaluasi Pengalaman dan Antarmuka Pengguna;Sistem Informasi;1;Pengelola, Pengampu;16
CIS62126;Evaluasi Pengalaman dan Antarmuka Pengguna;Sistem Informasi;1;Pengelola, Pengampu;47
CIS62126;Evaluasi Pengalaman dan Antarmuka Pengguna;Sistem Informasi;1;Pengelola, Pengampu;55
CIS62126;Evaluasi Pengalaman dan Antarmuka Pengguna;Sistem Informasi;1;Pengelola, Pengampu;62
CIS62126;Evaluasi Pengalaman dan Antarmuka Pengguna;Sistem Informasi;1;Pengampu;60
CIS62126;Evaluasi Pengalaman dan Antarmuka Pengguna;Sistem Informasi;1;Pengampu;83
CIS62126;Evaluasi Pengalaman dan Antarmuka Pengguna;Sistem Informasi;1;Pengampu;87
CIT60031;Manajemen Proyek Teknologi Informasi;Teknologi Informasi;1;Koordinator Pengelola, Pengelola, Pengampu;94
CIT60031;Manajemen Proyek Teknologi Informasi;Teknologi Informasi;1;Pengelola, Pengampu;6
CIT60031;Manajemen Proyek Teknologi Informasi;Teknologi Informasi;1;Pengampu;13
CIT60031;Manajemen Proyek Teknologi Informasi;Teknologi Informasi;1;Pengampu;22
CIT60031;Manajemen Proyek Teknologi Informasi;Teknologi Informasi;1;Pengampu;40
CIT60031;Manajemen Proyek Teknologi Informasi;Teknologi Informasi;1;Pengampu;48
CIT60033;Sistem Forensik Digital;Teknologi Informasi;1;Pengelola, Pengampu;94
CIT60033;Sistem Forensik Digital;Teknologi Informasi;1;Pengampu;35
CIT60033;Sistem Forensik Digital;Teknologi Informasi;1;Pengampu;41
CIT60033;Sistem Forensik Digital;Teknologi Informasi;1;Pengampu;75
CIT60033;Sistem Forensik Digital;Teknologi Informasi;1;Pengampu;83
CIT60036;Teknologi Berbasis Cloud;Teknologi Informasi;1;Pengampu;16
CIT60036;Teknologi Berbasis Cloud;Teknologi Informasi;1;Pengampu;20
CIT60036;Teknologi Berbasis Cloud;Teknologi Informasi;1;Pengampu;35
CIT60036;Teknologi Berbasis Cloud;Teknologi Informasi;1;Pengampu;46
CIT60036;Teknologi Berbasis Cloud;Teknologi Informasi;1;Pengampu;75
CIT60036;Teknologi Berbasis Cloud;Teknologi Informasi;1;Pengampu;104
CIT60039;Pengembangan Aplikasi Web Lanjut;Teknologi Informasi;1;Pengelola, Pengampu;4
CIT60039;Pengembangan Aplikasi Web Lanjut;Teknologi Informasi;1;Pengelola, Pengampu;16
CIT60039;Pengembangan Aplikasi Web Lanjut;Teknologi Informasi;1;Pengelola, Pengampu;47
CIT60039;Pengembangan Aplikasi Web Lanjut;Teknologi Informasi;1;Pengampu;1
CIT60039;Pengembangan Aplikasi Web Lanjut;Teknologi Informasi;1;Pengampu;31
CIT60039;Pengembangan Aplikasi Web Lanjut;Teknologi Informasi;1;Pengampu;75
CIT60042;Teknologi Blockchain dan Platform Keuangan Digital;Teknologi Informasi;1;Koordinator Pengelola, Pengelola, Pengampu;14
CIT60042;Teknologi Blockchain dan Platform Keuangan Digital;Teknologi Informasi;1;Pengelola, Pengampu;47
CIT60042;Teknologi Blockchain dan Platform Keuangan Digital;Teknologi Informasi;1;Pengampu;46
CIT60044;Keamanan Data dan Privasi;Teknologi Informasi;1;Pengelola, Pengampu;46
CIT60044;Keamanan Data dan Privasi;Teknologi Informasi;1;Pengampu;17
CIT60044;Keamanan Data dan Privasi;Teknologi Informasi;1;Pengampu;35
CIT60044;Keamanan Data dan Privasi;Teknologi Informasi;1;Pengampu;41
CIT60044;Keamanan Data dan Privasi;Teknologi Informasi;1;Pengampu;63
CIT60044;Keamanan Data dan Privasi;Teknologi Informasi;1;Pengampu;65
CIT60044;Keamanan Data dan Privasi;Teknologi Informasi;1;Pengampu;75
CIT60045;Kriptografi;Teknologi Informasi;1;Koordinator Pengelola, Pengelola, Pengampu;14
CIT60045;Kriptografi;Teknologi Informasi;1;Pengampu;75
CIT60047;Tata Kelola dan Kebijakan Keamanan Siber;Teknologi Informasi;1;Koordinator Pengelola, Pengelola, Pengampu;14
CIT60047;Tata Kelola dan Kebijakan Keamanan Siber;Teknologi Informasi;1;Koordinator Pengelola, Pengelola, Pengampu;94
CIT60047;Tata Kelola dan Kebijakan Keamanan Siber;Teknologi Informasi;1;Pengampu;17
CIT60047;Tata Kelola dan Kebijakan Keamanan Siber;Teknologi Informasi;1;Pengampu;17
CIT60047;Tata Kelola dan Kebijakan Keamanan Siber;Teknologi Informasi;2;Pengampu;46
CIT60048;Information Retrieval;Teknologi Informasi;1;Pengelola, Pengampu;52
CIT60048;Information Retrieval;Teknologi Informasi;1;Pengelola, Pengampu;107
CIT60048;Information Retrieval;Teknologi Informasi;1;Pengampu;1
CIT60048;Information Retrieval;Teknologi Informasi;1;Pengampu;80
CIT60048;Information Retrieval;Teknologi Informasi;1;Pengampu;93
CIT60048;Information Retrieval;Teknologi Informasi;2;Pengelola, Pengampu;47
CIT60048;Information Retrieval;Teknologi Informasi;2;Pengampu;89
CIT60048;Information Retrieval;Teknologi Informasi;2;Pengampu;97
CIT60049;Teknologi Basis Data Non Relational;Teknologi Informasi;1;Pengelola, Pengampu;102
CIT60049;Teknologi Basis Data Non Relational;Teknologi Informasi;1;Pengampu;16
CIT60049;Teknologi Basis Data Non Relational;Teknologi Informasi;1;Pengampu;16
CIT60051;Teknologi Smart City;Teknologi Informasi;1;Koordinator Pengelola, Pengelola, Pengampu;47
CIT60051;Teknologi Smart City;Teknologi Informasi;1;Pengampu;20
CIT60051;Teknologi Smart City;Teknologi Informasi;1;Pengampu;67
CIT60051;Teknologi Smart City;Teknologi Informasi;2;Koordinator Pengelola, Pengelola, Pengampu;105
CIT60051;Teknologi Smart City;Teknologi Informasi;2;Pengampu;6
CIT60051;Teknologi Smart City;Teknologi Informasi;2;Pengampu;58
CIT60052;Pengembangan Aplikasi Mobile Terapan;Teknologi Informasi;1;Pengampu;16
CIT60052;Pengembangan Aplikasi Mobile Terapan;Teknologi Informasi;1;Pengampu;20
CIT60052;Pengembangan Aplikasi Mobile Terapan;Teknologi Informasi;2;Pengelola, Pengampu;47
CIT60053;Pengembangan Gim;Teknologi Informasi;1;Pengampu;16
CIT61006;Pengembangan Aplikasi Web;Teknologi Informasi;1;Pengelola, Pengampu;4
CIT61006;Pengembangan Aplikasi Web;Teknologi Informasi;1;Pengelola, Pengampu;47
CIT61006;Pengembangan Aplikasi Web;Teknologi Informasi;1;Pengelola, Pengampu;105
CIT61006;Pengembangan Aplikasi Web;Teknologi Informasi;1;Pengampu;31
CIT61006;Pengembangan Aplikasi Web;Teknologi Informasi;1;Pengampu;60
CIT61006;Pengembangan Aplikasi Web;Teknologi Informasi;1;Pengampu;75
CIT61006;Pengembangan Aplikasi Web;Teknologi Informasi;1;Pengampu;82
CIT61006;Pengembangan Aplikasi Web;Teknologi Informasi;2;Pengelola, Pengampu;103
CIT61006;Pengembangan Aplikasi Web;Teknologi Informasi;2;Pengampu;62
CIT61015;Jaringan Komputer;Teknologi Informasi;1;Pengelola, Pengampu;79
CIT61015;Jaringan Komputer;Teknologi Informasi;1;Pengampu;17
CIT61015;Jaringan Komputer;Teknologi Informasi;1;Pengampu;35
CIT61015;Jaringan Komputer;Teknologi Informasi;1;Pengampu;75
CIT61015;Jaringan Komputer;Teknologi Informasi;1;Pengampu;90
CIT61015;Jaringan Komputer;Teknologi Informasi;1;Pengampu;104
CIT61015;Jaringan Komputer;Teknologi Informasi;2;Pengelola, Pengampu;46
CIT61016;Data Sains;Teknologi Informasi;1;Pengampu;15
CIT61016;Data Sains;Teknologi Informasi;2;Pengampu;89
CIT61021;Data Warehouse;Teknologi Informasi;1;Pengelola, Pengampu;73
CIT61021;Data Warehouse;Teknologi Informasi;1;Pengelola, Pengampu;102
CIT61021;Data Warehouse;Teknologi Informasi;1;Pengampu;16
CIT61021;Data Warehouse;Teknologi Informasi;1;Pengampu;16
CIT61024;Teknologi Keamanan Siber;Teknologi Informasi;1;Pengampu;17
CIT61024;Teknologi Keamanan Siber;Teknologi Informasi;1;Pengampu;35
CIT61024;Teknologi Keamanan Siber;Teknologi Informasi;1;Pengampu;75
CIT61024;Teknologi Keamanan Siber;Teknologi Informasi;2;Pengampu;46
CIT61026;Internet of Things;Teknologi Informasi;1;Pengelola, Pengampu;90
CIT61026;Internet of Things;Teknologi Informasi;1;Pengampu;17
CIT61026;Internet of Things;Teknologi Informasi;1;Pengampu;35
CIT61026;Internet of Things;Teknologi Informasi;2;Pengampu;96
CIT62001;Dasar Desain Antarmuka Pengguna;Teknologi Informasi;1;Koordinator Pengelola, Pengelola, Pengampu;22
CIT62001;Dasar Desain Antarmuka Pengguna;Teknologi Informasi;1;Koordinator Pengelola, Pengelola, Pengampu;45
CIT62001;Dasar Desain Antarmuka Pengguna;Teknologi Informasi;1;Koordinator Pengelola, Pengelola, Pengampu;47
CIT62001;Dasar Desain Antarmuka Pengguna;Teknologi Informasi;1;Pengelola, Pengampu;4
CIT62001;Dasar Desain Antarmuka Pengguna;Teknologi Informasi;1;Pengelola, Pengampu;16
CIT62001;Dasar Desain Antarmuka Pengguna;Teknologi Informasi;1;Pengampu;62
CIT62003;Dasar Pengembangan Sistem informasi;Teknologi Informasi;1;Pengelola, Pengampu;4
CIT62003;Dasar Pengembangan Sistem informasi;Teknologi Informasi;1;Pengampu;31
CIT62003;Dasar Pengembangan Sistem informasi;Teknologi Informasi;1;Pengampu;67
CIT62003;Dasar Pengembangan Sistem informasi;Teknologi Informasi;1;Pengampu;108
CIT62010;Sistem Operasi;Teknologi Informasi;1;Koordinator Pengelola, Pengelola, Pengampu;94
CIT62010;Sistem Operasi;Teknologi Informasi;1;Pengampu;16
CIT62010;Sistem Operasi;Teknologi Informasi;1;Pengampu;20
CIT62010;Sistem Operasi;Teknologi Informasi;1;Pengampu;75
CIT62010;Sistem Operasi;Teknologi Informasi;1;Pengampu;75
CIT62010;Sistem Operasi;Teknologi Informasi;1;Pengampu;79
CIT62010;Sistem Operasi;Teknologi Informasi;2;Pengampu;58
CIT62010;Sistem Operasi;Teknologi Informasi;2;Pengampu;65
CIT62010;Sistem Operasi;Teknologi Informasi;2;Pengampu;103
CIT62011;Aljabar Linear dan Matriks;Teknologi Informasi;1;Koordinator Pengelola, Pengelola, Pengampu;92
CIT62011;Aljabar Linear dan Matriks;Teknologi Informasi;1;Pengampu;16
CIT62011;Aljabar Linear dan Matriks;Teknologi Informasi;1;Pengampu;54
CIT62011;Aljabar Linear dan Matriks;Teknologi Informasi;1;Pengampu;63
CIT62011;Aljabar Linear dan Matriks;Teknologi Informasi;1;Pengampu;77
CIT62011;Aljabar Linear dan Matriks;Teknologi Informasi;1;Pengampu;93
CIT62011;Aljabar Linear dan Matriks;Teknologi Informasi;1;Pengampu;100
CIT62011;Aljabar Linear dan Matriks;Teknologi Informasi;1;Pengampu;107
CIT62011;Aljabar Linear dan Matriks;Teknologi Informasi;2;Pengampu;103
CIT62012;Pengembangan Aplikasi Mobile;Teknologi Informasi;1;Pengelola, Pengampu;16
CIT62012;Pengembangan Aplikasi Mobile;Teknologi Informasi;1;Pengelola, Pengampu;47
CIT62012;Pengembangan Aplikasi Mobile;Teknologi Informasi;1;Pengampu;20
CIT62012;Pengembangan Aplikasi Mobile;Teknologi Informasi;1;Pengampu;31
CIT62012;Pengembangan Aplikasi Mobile;Teknologi Informasi;1;Pengampu;60
CIT62012;Pengembangan Aplikasi Mobile;Teknologi Informasi;1;Pengampu;70
CIT62012;Pengembangan Aplikasi Mobile;Teknologi Informasi;1;Pengampu;75
CIT62012;Pengembangan Aplikasi Mobile;Teknologi Informasi;2;Pengelola, Pengampu;22
CIT62012;Pengembangan Aplikasi Mobile;Teknologi Informasi;2;Pengampu;96
CIT62015;Administrasi Sistem;Teknologi Informasi;1;Pengampu;75
CIT62015;Administrasi Sistem;Teknologi Informasi;1;Pengampu;104
CIT62015;Administrasi Sistem;Teknologi Informasi;2;Pengampu;65
CIT62017;Teknologi Integrasi Sistem;Teknologi Informasi;1;Pengelola, Pengampu;16
CIT62017;Teknologi Integrasi Sistem;Teknologi Informasi;1;Pengampu;20
CIT62017;Teknologi Integrasi Sistem;Teknologi Informasi;1;Pengampu;20
CIT62017;Teknologi Integrasi Sistem;Teknologi Informasi;2;Pengelola, Pengampu;22
CIT62022;Implementasi dan Pengujian Sistem Informasi;Teknologi Informasi;1;Koordinator Pengelola, Pengelola, Pengampu;94
CIT62022;Implementasi dan Pengujian Sistem Informasi;Teknologi Informasi;1;Pengelola, Pengampu;4
CIT62022;Implementasi dan Pengujian Sistem Informasi;Teknologi Informasi;1;Pengampu;1
CIT62022;Implementasi dan Pengujian Sistem Informasi;Teknologi Informasi;1;Pengampu;6
CIT62022;Implementasi dan Pengujian Sistem Informasi;Teknologi Informasi;1;Pengampu;16
CIT62022;Implementasi dan Pengujian Sistem Informasi;Teknologi Informasi;1;Pengampu;31
CIT62022;Implementasi dan Pengujian Sistem Informasi;Teknologi Informasi;1;Pengampu;40
CIT62022;Implementasi dan Pengujian Sistem Informasi;Teknologi Informasi;1;Pengampu;40
CIT62022;Implementasi dan Pengujian Sistem Informasi;Teknologi Informasi;1;Pengampu;67
CIT62023;Kecerdasan Buatan dan Pembelajaran Mesin;Teknologi Informasi;1;Koordinator Pengelola, Pengelola, Pengampu;94
CIT62023;Kecerdasan Buatan dan Pembelajaran Mesin;Teknologi Informasi;1;Pengelola, Pengampu;30
CIT62023;Kecerdasan Buatan dan Pembelajaran Mesin;Teknologi Informasi;1;Pengelola, Pengampu;52
CIT62023;Kecerdasan Buatan dan Pembelajaran Mesin;Teknologi Informasi;1;Pengelola, Pengampu;92
CIT62023;Kecerdasan Buatan dan Pembelajaran Mesin;Teknologi Informasi;1;Pengelola, Pengampu;93
CIT62023;Kecerdasan Buatan dan Pembelajaran Mesin;Teknologi Informasi;1;Pengelola, Pengampu;107
CIT62023;Kecerdasan Buatan dan Pembelajaran Mesin;Teknologi Informasi;1;Pengampu;20
CIT62023;Kecerdasan Buatan dan Pembelajaran Mesin;Teknologi Informasi;1;Pengampu;29
CIT62023;Kecerdasan Buatan dan Pembelajaran Mesin;Teknologi Informasi;1;Pengampu;37
CIT62023;Kecerdasan Buatan dan Pembelajaran Mesin;Teknologi Informasi;1;Pengampu;48
CIT62023;Kecerdasan Buatan dan Pembelajaran Mesin;Teknologi Informasi;1;Pengampu;63
CIT62023;Kecerdasan Buatan dan Pembelajaran Mesin;Teknologi Informasi;1;Pengampu;97
CIT62023;Kecerdasan Buatan dan Pembelajaran Mesin;Teknologi Informasi;2;Pengampu;3
CIT62023;Kecerdasan Buatan dan Pembelajaran Mesin;Teknologi Informasi;2;Pengampu;16
CIT62023;Kecerdasan Buatan dan Pembelajaran Mesin;Teknologi Informasi;2;Pengampu;89
CIT62023;Kecerdasan Buatan dan Pembelajaran Mesin;Teknologi Informasi;2;Pengampu;96
COM60004;Algoritma dan Struktur Data;Teknologi Informasi;1;Pengampu;31
COM60004;Algoritma dan Struktur Data;Teknologi Informasi;1;Pengampu;75
COM60004;Algoritma dan Struktur Data;Teknologi Informasi;2;Pengampu;3
COM60011;Arsitektur dan Organisasi Komputer;Teknologi Informasi;2;Pengampu;103
COM60014;Pemrograman Dasar;Pendidikan Teknologi Informasi;1;Koordinator Pengelola, Pengelola, Pengampu;47
COM60014;Pemrograman Dasar;Pendidikan Teknologi Informasi;1;Pengelola, Pengampu;4
COM60014;Pemrograman Dasar;Pendidikan Teknologi Informasi;1;Pengampu;67
COM60014;Pemrograman Dasar;Pendidikan Teknologi Informasi;1;Pengampu;75
COM60014;Pemrograman Dasar;Pendidikan Teknologi Informasi;1;Pengampu;76
COM60014;Pemrograman Dasar;Pendidikan Teknologi Informasi;1;Pengampu;82
COM60014;Pemrograman Dasar;Pendidikan Teknologi Informasi;1;Pengampu;91
COM60014;Pemrograman Dasar;Pendidikan Teknologi Informasi;2;Pengampu;103
COM60014;Pemrograman Dasar;Sistem Informasi;1;Koordinator Pengelola, Pengelola, Pengampu;47
COM60014;Pemrograman Dasar;Sistem Informasi;1;Pengelola, Pengampu;4
COM60014;Pemrograman Dasar;Sistem Informasi;1;Pengampu;31
COM60014;Pemrograman Dasar;Sistem Informasi;1;Pengampu;67
COM60014;Pemrograman Dasar;Sistem Informasi;1;Pengampu;76
COM60014;Pemrograman Dasar;Sistem Informasi;1;Pengampu;82
COM60014;Pemrograman Dasar;Sistem Informasi;1;Pengampu;87
COM60014;Pemrograman Dasar;Sistem Informasi;1;Pengampu;91
COM60014;Pemrograman Dasar;Sistem Informasi;2;Pengampu;23
COM60014;Pemrograman Dasar;Teknologi Informasi;1;Koordinator Pengelola, Pengelola, Pengampu;47
COM60014;Pemrograman Dasar;Teknologi Informasi;1;Pengelola, Pengampu;4
COM60014;Pemrograman Dasar;Teknologi Informasi;1;Pengampu;31
COM60014;Pemrograman Dasar;Teknologi Informasi;1;Pengampu;75
COM60014;Pemrograman Dasar;Teknologi Informasi;1;Pengampu;76
COM60014;Pemrograman Dasar;Teknologi Informasi;1;Pengampu;82
COM60014;Pemrograman Dasar;Teknologi Informasi;1;Pengampu;91
COM60014;Pemrograman Dasar;Teknologi Informasi;2;Pengampu;67
COM60015;Matematika Diskret;Pendidikan Teknologi Informasi;1;Koordinator Pengelola, Pengelola, Pengampu;103
COM60015;Matematika Diskret;Pendidikan Teknologi Informasi;1;Pengampu;100
COM60015;Matematika Diskret;Sistem Informasi;1;Pengampu;100
COM60015;Matematika Diskret;Sistem Informasi;2;Pengampu;103
COM60015;Matematika Diskret;Teknologi Informasi;1;Pengampu;100
COM60015;Matematika Diskret;Teknologi Informasi;2;Pengelola, Pengampu;103
COM60016;Pengantar Keilmuan Komputer;Pendidikan Teknologi Informasi;1;Koordinator Pengelola, Pengelola, Pengampu;47
COM60016;Pengantar Keilmuan Komputer;Pendidikan Teknologi Informasi;1;Pengelola, Pengampu;4
COM60016;Pengantar Keilmuan Komputer;Pendidikan Teknologi Informasi;1;Pengampu;83
COM60016;Pengantar Keilmuan Komputer;Pendidikan Teknologi Informasi;1;Pengampu;90
COM60016;Pengantar Keilmuan Komputer;Pendidikan Teknologi Informasi;1;Pengampu;108
COM60016;Pengantar Keilmuan Komputer;Pendidikan Teknologi Informasi;2;Pengampu;103
COM60016;Pengantar Keilmuan Komputer;Sistem Informasi;1;Koordinator Pengelola, Pengelola, Pengampu;47
COM60016;Pengantar Keilmuan Komputer;Sistem Informasi;1;Pengelola, Pengampu;4
COM60016;Pengantar Keilmuan Komputer;Sistem Informasi;1;Pengelola, Pengampu;108
COM60016;Pengantar Keilmuan Komputer;Sistem Informasi;1;Pengampu;83
COM60016;Pengantar Keilmuan Komputer;Sistem Informasi;1;Pengampu;90
COM60016;Pengantar Keilmuan Komputer;Sistem Informasi;2;Pengampu;103
COM60016;Pengantar Keilmuan Komputer;Teknologi Informasi;1;Koordinator Pengelola, Pengelola, Pengampu;47
COM60016;Pengantar Keilmuan Komputer;Teknologi Informasi;1;Pengelola, Pengampu;4
COM60016;Pengantar Keilmuan Komputer;Teknologi Informasi;1;Pengampu;83
COM60016;Pengantar Keilmuan Komputer;Teknologi Informasi;1;Pengampu;90
COM60016;Pengantar Keilmuan Komputer;Teknologi Informasi;1;Pengampu;102
COM60016;Pengantar Keilmuan Komputer;Teknologi Informasi;1;Pengampu;108
COM60016;Pengantar Keilmuan Komputer;Teknologi Informasi;2;Pengampu;62
COM60016;Pengantar Keilmuan Komputer;Teknologi Informasi;2;Pengampu;103
COM60024;Pemrograman Lanjut;Sistem Informasi;1;Koordinator Pengelola, Pengelola, Pengampu;16
COM60024;Pemrograman Lanjut;Sistem Informasi;1;Koordinator Pengelola, Pengelola, Pengampu;20
COM60024;Pemrograman Lanjut;Sistem Informasi;1;Koordinator Pengelola, Pengelola, Pengampu;47
COM60024;Pemrograman Lanjut;Sistem Informasi;1;Pengelola, Pengampu;4
COM60024;Pemrograman Lanjut;Sistem Informasi;1;Pengelola, Pengampu;52
COM60024;Pemrograman Lanjut;Sistem Informasi;1;Pengelola, Pengampu;70
COM60024;Pemrograman Lanjut;Sistem Informasi;1;Pengampu;1
COM60024;Pemrograman Lanjut;Sistem Informasi;1;Pengampu;31
COM60024;Pemrograman Lanjut;Sistem Informasi;1;Pengampu;37
COM60024;Pemrograman Lanjut;Sistem Informasi;1;Pengampu;55
COM60024;Pemrograman Lanjut;Sistem Informasi;1;Pengampu;65
COM60024;Pemrograman Lanjut;Sistem Informasi;1;Pengampu;75
COM60024;Pemrograman Lanjut;Sistem Informasi;1;Pengampu;76
COM60024;Pemrograman Lanjut;Sistem Informasi;1;Pengampu;80
COM60024;Pemrograman Lanjut;Sistem Informasi;1;Pengampu;82
COM60024;Pemrograman Lanjut;Sistem Informasi;1;Pengampu;87
COM60024;Pemrograman Lanjut;Sistem Informasi;1;Pengampu;91
COM60024;Pemrograman Lanjut;Sistem Informasi;1;Pengampu;98
COM60024;Pemrograman Lanjut;Sistem Informasi;2;Pengelola, Pengampu;22
COM60024;Pemrograman Lanjut;Sistem Informasi;2;Pengampu;23
COM60024;Pemrograman Lanjut;Teknologi Informasi;1;Koordinator Pengelola, Pengelola, Pengampu;20
COM60024;Pemrograman Lanjut;Teknologi Informasi;1;Koordinator Pengelola, Pengelola, Pengampu;47
COM60024;Pemrograman Lanjut;Teknologi Informasi;1;Pengelola, Pengampu;4
COM60024;Pemrograman Lanjut;Teknologi Informasi;1;Pengelola, Pengampu;16
COM60024;Pemrograman Lanjut;Teknologi Informasi;1;Pengelola, Pengampu;22
COM60024;Pemrograman Lanjut;Teknologi Informasi;1;Pengelola, Pengampu;52
COM60024;Pemrograman Lanjut;Teknologi Informasi;1;Pengelola, Pengampu;80
COM60024;Pemrograman Lanjut;Teknologi Informasi;1;Pengampu;1
COM60024;Pemrograman Lanjut;Teknologi Informasi;1;Pengampu;31
COM60024;Pemrograman Lanjut;Teknologi Informasi;1;Pengampu;55
COM60024;Pemrograman Lanjut;Teknologi Informasi;1;Pengampu;70
COM60024;Pemrograman Lanjut;Teknologi Informasi;1;Pengampu;75
COM60024;Pemrograman Lanjut;Teknologi Informasi;1;Pengampu;76
COM60024;Pemrograman Lanjut;Teknologi Informasi;1;Pengampu;82
COM60024;Pemrograman Lanjut;Teknologi Informasi;1;Pengampu;91
COM60024;Pemrograman Lanjut;Teknologi Informasi;1;Pengampu;98
COM60024;Pemrograman Lanjut;Teknologi Informasi;2;Pengampu;67
COM60025;Kalkulus;Teknologi Informasi;1;Pengampu;100
COM60025;Kalkulus;Teknologi Informasi;2;Pengampu;75
COM60025;Kalkulus;Teknologi Informasi;2;Pengampu;103
COM60051;Metodologi Penelitian dan Penulisan Ilmiah;Pendidikan Teknologi Informasi;1;Pengelola, Pengampu;100
COM60051;Metodologi Penelitian dan Penulisan Ilmiah;Pendidikan Teknologi Informasi;1;Pengampu;100
COM60051;Metodologi Penelitian dan Penulisan Ilmiah;Pendidikan Teknologi Informasi;2;Pengampu;103
COM60051;Metodologi Penelitian dan Penulisan Ilmiah;Sistem Informasi;1;Koordinator Pengelola, Pengelola, Pengampu;87
COM60051;Metodologi Penelitian dan Penulisan Ilmiah;Sistem Informasi;1;Pengampu;100
COM60051;Metodologi Penelitian dan Penulisan Ilmiah;Sistem Informasi;2;Pengampu;103
COM60051;Metodologi Penelitian dan Penulisan Ilmiah;Teknologi Informasi;2;Pengampu;103
COM60052;Etika Profesi;Pendidikan Teknologi Informasi;1;Koordinator Pengelola, Pengelola, Pengampu;94
COM60052;Etika Profesi;Pendidikan Teknologi Informasi;1;Pengelola, Pengampu;4
COM60052;Etika Profesi;Pendidikan Teknologi Informasi;1;Pengampu;22
COM60052;Etika Profesi;Pendidikan Teknologi Informasi;1;Pengampu;48
COM60052;Etika Profesi;Pendidikan Teknologi Informasi;1;Pengampu;77
COM60052;Etika Profesi;Pendidikan Teknologi Informasi;1;Pengampu;77
COM60052;Etika Profesi;Pendidikan Teknologi Informasi;2;Pengampu;59
COM60052;Etika Profesi;Sistem Informasi;1;Koordinator Pengelola, Pengelola, Pengampu;87
COM60052;Etika Profesi;Sistem Informasi;1;Pengelola, Pengampu;4
COM60052;Etika Profesi;Teknologi Informasi;1;Pengelola, Pengampu;4
COM60052;Etika Profesi;Teknologi Informasi;2;Pengampu;96
COM60061;Capstone Project;Pendidikan Teknologi Informasi;1;Pengelola, Pengampu;4
COM60061;Capstone Project;Pendidikan Teknologi Informasi;1;Pengampu;22
COM60061;Capstone Project;Pendidikan Teknologi Informasi;1;Pengampu;40
COM60061;Capstone Project;Pendidikan Teknologi Informasi;1;Pengampu;76
COM60061;Capstone Project;Pendidikan Teknologi Informasi;1;Pengampu;76
COM60061;Capstone Project;Pendidikan Teknologi Informasi;2;Pengelola, Pengampu;47
COM60061;Capstone Project;Pendidikan Teknologi Informasi;2;Pengampu;48
COM60061;Capstone Project;Sistem Informasi;1;Koordinator Pengelola, Pengelola, Pengampu;47
COM60061;Capstone Project;Sistem Informasi;1;Koordinator Pengelola, Pengelola, Pengampu;87
COM60061;Capstone Project;Sistem Informasi;1;Pengelola, Pengampu;4
COM60061;Capstone Project;Sistem Informasi;1;Pengelola, Pengampu;108
COM60061;Capstone Project;Sistem Informasi;1;Pengampu;22
COM60061;Capstone Project;Sistem Informasi;1;Pengampu;40
COM60061;Capstone Project;Sistem Informasi;1;Pengampu;76
COM60061;Capstone Project;Teknologi Informasi;1;Koordinator Pengelola, Pengelola, Pengampu;14
COM60061;Capstone Project;Teknologi Informasi;1;Pengelola, Pengampu;4
COM60061;Capstone Project;Teknologi Informasi;1;Pengelola, Pengampu;47
COM60061;Capstone Project;Teknologi Informasi;1;Pengampu;22
COM60061;Capstone Project;Teknologi Informasi;1;Pengampu;48
COM60061;Capstone Project;Teknologi Informasi;1;Pengampu;76
CSD60701;Manajemen Layanan Teknologi Informasi;Pendidikan Teknologi Informasi;1;Pengelola, Pengampu;108
CSD60701;Manajemen Layanan Teknologi Informasi;Pendidikan Teknologi Informasi;1;Pengampu;6
CSD60701;Manajemen Layanan Teknologi Informasi;Sistem Informasi;1;Koordinator Pengelola, Pengelola, Pengampu;94
CSD60701;Manajemen Layanan Teknologi Informasi;Sistem Informasi;1;Pengelola, Pengampu;108
CSD60701;Manajemen Layanan Teknologi Informasi;Sistem Informasi;1;Pengampu;6
CSD60701;Manajemen Layanan Teknologi Informasi;Sistem Informasi;1;Pengampu;15
CSD60701;Manajemen Layanan Teknologi Informasi;Sistem Informasi;1;Pengampu;21
CSD60701;Manajemen Layanan Teknologi Informasi;Sistem Informasi;1;Pengampu;87
CSD60701;Manajemen Layanan Teknologi Informasi;Sistem Informasi;2;Pengelola, Pengampu;47
CSD60701;Manajemen Layanan Teknologi Informasi;Sistem Informasi;2;Pengampu;22
CSD60702;Sistem Pendukung Keputusan;Pendidikan Teknologi Informasi;1;Pengampu;83
CSD60702;Sistem Pendukung Keputusan;Pendidikan Teknologi Informasi;1;Pengampu;108
CSD60702;Sistem Pendukung Keputusan;Sistem Informasi;1;Koordinator Pengelola, Pengelola, Pengampu;94
CSD60702;Sistem Pendukung Keputusan;Sistem Informasi;1;Pengelola, Pengampu;30
CSD60702;Sistem Pendukung Keputusan;Sistem Informasi;1;Pengelola, Pengampu;52
CSD60702;Sistem Pendukung Keputusan;Sistem Informasi;1;Pengelola, Pengampu;107
CSD60702;Sistem Pendukung Keputusan;Sistem Informasi;1;Pengelola, Pengampu;108
CSD60702;Sistem Pendukung Keputusan;Sistem Informasi;1;Pengampu;15
CSD60702;Sistem Pendukung Keputusan;Sistem Informasi;1;Pengampu;16
CSD60702;Sistem Pendukung Keputusan;Sistem Informasi;1;Pengampu;20
CSD60702;Sistem Pendukung Keputusan;Sistem Informasi;1;Pengampu;29
CSD60702;Sistem Pendukung Keputusan;Sistem Informasi;1;Pengampu;73
CSD60702;Sistem Pendukung Keputusan;Sistem Informasi;1;Pengampu;83
CSD60702;Sistem Pendukung Keputusan;Sistem Informasi;1;Pengampu;92
CSD60703;Tata Kelola Teknologi Informasi;Sistem Informasi;1;Pengelola, Pengampu;6
CSD60703;Tata Kelola Teknologi Informasi;Sistem Informasi;1;Pengampu;87
CSD60703;Tata Kelola Teknologi Informasi;Sistem Informasi;1;Pengampu;108
CSD60703;Tata Kelola Teknologi Informasi;Teknologi Informasi;1;Pengelola, Pengampu;6
CSD60703;Tata Kelola Teknologi Informasi;Teknologi Informasi;1;Pengampu;15
CSD60704;Desain Basis Data;Sistem Informasi;1;Pengelola, Pengampu;72
CSD60704;Desain Basis Data;Sistem Informasi;1;Pengelola, Pengampu;102
CSD60704;Desain Basis Data;Sistem Informasi;1;Pengelola, Pengampu;108
CSD60704;Desain Basis Data;Sistem Informasi;1;Pengampu;75
CSD60704;Desain Basis Data;Sistem Informasi;1;Pengampu;91
CSD60704;Desain Basis Data;Teknologi Informasi;1;Pengelola, Pengampu;22
CSD60704;Desain Basis Data;Teknologi Informasi;1;Pengelola, Pengampu;102
CSD60704;Desain Basis Data;Teknologi Informasi;1;Pengampu;1
CSD60704;Desain Basis Data;Teknologi Informasi;1;Pengampu;16
CSD60704;Desain Basis Data;Teknologi Informasi;1;Pengampu;20
CSD60704;Desain Basis Data;Teknologi Informasi;1;Pengampu;29
CSD60704;Desain Basis Data;Teknologi Informasi;1;Pengampu;29
CSD60704;Desain Basis Data;Teknologi Informasi;1;Pengampu;73
CSD60704;Desain Basis Data;Teknologi Informasi;1;Pengampu;75
CSD60704;Desain Basis Data;Teknologi Informasi;1;Pengampu;91
CSD60704;Desain Basis Data;Teknologi Informasi;1;Pengampu;98
CSD60704;Desain Basis Data;Teknologi Informasi;1;Pengampu;108
CSD60705;Pemrograman SQL;Sistem Informasi;1;Pengelola, Pengampu;22
CSD60705;Pemrograman SQL;Sistem Informasi;1;Pengelola, Pengampu;72
CSD60705;Pemrograman SQL;Sistem Informasi;1;Pengelola, Pengampu;73
CSD60705;Pemrograman SQL;Sistem Informasi;1;Pengelola, Pengampu;102
CSD60705;Pemrograman SQL;Sistem Informasi;1;Pengampu;1
CSD60705;Pemrograman SQL;Sistem Informasi;1;Pengampu;20
CSD60705;Pemrograman SQL;Sistem Informasi;1;Pengampu;60
CSD60705;Pemrograman SQL;Sistem Informasi;1;Pengampu;60
CSD60705;Pemrograman SQL;Sistem Informasi;1;Pengampu;70
CSD60705;Pemrograman SQL;Sistem Informasi;1;Pengampu;91
CSD60705;Pemrograman SQL;Sistem Informasi;1;Pengampu;98
CSD60705;Pemrograman SQL;Sistem Informasi;2;Pengelola, Pengampu;16
CSD60705;Pemrograman SQL;Teknologi Informasi;1;Pengelola, Pengampu;102
CSD60705;Pemrograman SQL;Teknologi Informasi;1;Pengampu;60
CSD60705;Pemrograman SQL;Teknologi Informasi;1;Pengampu;91
CSD60706;Administrasi Basis Data;Sistem Informasi;1;Koordinator Pengelola, Pengelola, Pengampu;72
CSD60706;Administrasi Basis Data;Sistem Informasi;1;Pengelola, Pengampu;102
CSD60706;Administrasi Basis Data;Sistem Informasi;1;Pengampu;75
CSD60706;Administrasi Basis Data;Sistem Informasi;1;Pengampu;91
CSD60706;Administrasi Basis Data;Teknologi Informasi;1;Pengelola, Pengampu;102
CSD60706;Administrasi Basis Data;Teknologi Informasi;1;Pengampu;102
CSD60706;Administrasi Basis Data;Teknologi Informasi;1;Pengampu;75
CSD60706;Administrasi Basis Data;Teknologi Informasi;1;Pengampu;91
CSD60707;Big Data dan Analitik;Sistem Informasi;1;Koordinator Pengelola, Pengelola, Pengampu;72
CSD60707;Big Data dan Analitik;Sistem Informasi;1;Pengelola, Pengampu;52
CSD60707;Big Data dan Analitik;Sistem Informasi;1;Pengampu;16
CSD60707;Big Data dan Analitik;Sistem Informasi;1;Pengampu;20
CSD60707;Big Data dan Analitik;Sistem Informasi;1;Pengampu;80
CSD60707;Big Data dan Analitik;Sistem Informasi;1;Pengampu;102
CSD60707;Big Data dan Analitik;Sistem Informasi;2;Pengampu;89
CSD60707;Big Data dan Analitik;Teknologi Informasi;1;Pengelola, Pengampu;52
CSD60707;Big Data dan Analitik;Teknologi Informasi;1;Pengampu;20
CSD60707;Big Data dan Analitik;Teknologi Informasi;1;Pengampu;48
CSD60707;Big Data dan Analitik;Teknologi Informasi;1;Pengampu;48
CSD60707;Big Data dan Analitik;Teknologi Informasi;1;Pengampu;80
CSD60707;Big Data dan Analitik;Teknologi Informasi;1;Pengampu;93
CSD60707;Big Data dan Analitik;Teknologi Informasi;1;Pengampu;102
CSD60707;Big Data dan Analitik;Teknologi Informasi;2;Pengampu;89
CSD60708;Penambangan Data;Pendidikan Teknologi Informasi;1;Pengampu;102
CSD60708;Penambangan Data;Sistem Informasi;1;Koordinator Pengelola, Pengelola, Pengampu;92
CSD60708;Penambangan Data;Sistem Informasi;1;Pengelola, Pengampu;30
CSD60708;Penambangan Data;Sistem Informasi;1;Pengelola, Pengampu;52
CSD60708;Penambangan Data;Sistem Informasi;1;Pengelola, Pengampu;107
CSD60708;Penambangan Data;Sistem Informasi;1;Pengampu;1
CSD60708;Penambangan Data;Sistem Informasi;1;Pengampu;16
CSD60708;Penambangan Data;Sistem Informasi;1;Pengampu;20
CSD60708;Penambangan Data;Sistem Informasi;1;Pengampu;29
CSD60708;Penambangan Data;Sistem Informasi;1;Pengampu;72
CSD60708;Penambangan Data;Sistem Informasi;1;Pengampu;80
CSD60708;Penambangan Data;Sistem Informasi;1;Pengampu;102
CSD60708;Penambangan Data;Sistem Informasi;2;Pengampu;89
CSD60708;Penambangan Data;Sistem Informasi;2;Pengampu;97
CSD60708;Penambangan Data;Teknologi Informasi;1;Koordinator Pengelola, Pengelola, Pengampu;92
CSD60708;Penambangan Data;Teknologi Informasi;1;Pengelola, Pengampu;30
CSD60708;Penambangan Data;Teknologi Informasi;1;Pengelola, Pengampu;107
CSD60708;Penambangan Data;Teknologi Informasi;1;Pengampu;1
CSD60708;Penambangan Data;Teknologi Informasi;1;Pengampu;16
CSD60708;Penambangan Data;Teknologi Informasi;1;Pengampu;20
CSD60708;Penambangan Data;Teknologi Informasi;1;Pengampu;29
CSD60708;Penambangan Data;Teknologi Informasi;1;Pengampu;52
CSD60708;Penambangan Data;Teknologi Informasi;1;Pengampu;80
CSD60708;Penambangan Data;Teknologi Informasi;1;Pengampu;93
CSD60708;Penambangan Data;Teknologi Informasi;1;Pengampu;102
CSD60708;Penambangan Data;Teknologi Informasi;2;Pengampu;97
CSD60709;Keamanan Siber;Pendidikan Teknologi Informasi;1;Koordinator Pengelola, Pengelola, Pengampu;14
CSD60709;Keamanan Siber;Pendidikan Teknologi Informasi;1;Koordinator Pengelola, Pengelola, Pengampu;17
CSD60709;Keamanan Siber;Pendidikan Teknologi Informasi;1;Pengelola, Pengampu;94
CSD60709;Keamanan Siber;Pendidikan Teknologi Informasi;1;Pengampu;41
CSD60709;Keamanan Siber;Pendidikan Teknologi Informasi;1;Pengampu;63
CSD60709;Keamanan Siber;Pendidikan Teknologi Informasi;1;Pengampu;65
CSD60709;Keamanan Siber;Pendidikan Teknologi Informasi;1;Pengampu;75
CSD60709;Keamanan Siber;Teknologi Informasi;1;Koordinator Pengelola, Pengelola, Pengampu;94
CSD60709;Keamanan Siber;Teknologi Informasi;1;Pengampu;17
CSD60709;Keamanan Siber;Teknologi Informasi;1;Pengampu;41
CSD60709;Keamanan Siber;Teknologi Informasi;1;Pengampu;46
CSD60709;Keamanan Siber;Teknologi Informasi;1;Pengampu;63
CSD60709;Keamanan Siber;Teknologi Informasi;1;Pengampu;65
CSD60709;Keamanan Siber;Teknologi Informasi;1;Pengampu;75
CSD60710;Sistem Informasi Geografis;Sistem Informasi;1;Koordinator Pengelola, Pengelola, Pengampu;87
CSD60710;Sistem Informasi Geografis;Teknologi Informasi;1;Koordinator Pengelola, Pengelola, Pengampu;11
CSD60711;Perancangan Pengalaman Pengguna;Pendidikan Teknologi Informasi;1;Koordinator Pengelola, Pengelola, Pengampu;22
CSD60711;Perancangan Pengalaman Pengguna;Pendidikan Teknologi Informasi;1;Koordinator Pengelola, Pengelola, Pengampu;45
CSD60711;Perancangan Pengalaman Pengguna;Pendidikan Teknologi Informasi;1;Koordinator Pengelola, Pengelola, Pengampu;47
CSD60711;Perancangan Pengalaman Pengguna;Pendidikan Teknologi Informasi;1;Pengelola, Pengampu;4
CSD60711;Perancangan Pengalaman Pengguna;Pendidikan Teknologi Informasi;1;Pengelola, Pengampu;16
CSD60711;Perancangan Pengalaman Pengguna;Pendidikan Teknologi Informasi;1;Pengampu;62
CSD60711;Perancangan Pengalaman Pengguna;Pendidikan Teknologi Informasi;2;Pengampu;12
CSD60711;Perancangan Pengalaman Pengguna;Sistem Informasi;1;Koordinator Pengelola, Pengelola, Pengampu;47
CSD60711;Perancangan Pengalaman Pengguna;Sistem Informasi;1;Pengelola, Pengampu;4
CSD60711;Perancangan Pengalaman Pengguna;Sistem Informasi;1;Pengampu;60
CSD60711;Perancangan Pengalaman Pengguna;Sistem Informasi;1;Pengampu;62
CSD60711;Perancangan Pengalaman Pengguna;Sistem Informasi;1;Pengampu;87
CSD60711;Perancangan Pengalaman Pengguna;Teknologi Informasi;1;Koordinator Pengelola, Pengelola, Pengampu;22
CSD60711;Perancangan Pengalaman Pengguna;Teknologi Informasi;1;Koordinator Pengelola, Pengelola, Pengampu;45
CSD60711;Perancangan Pengalaman Pengguna;Teknologi Informasi;1;Koordinator Pengelola, Pengelola, Pengampu;47
CSD60711;Perancangan Pengalaman Pengguna;Teknologi Informasi;1;Pengelola, Pengampu;4
CSD60711;Perancangan Pengalaman Pengguna;Teknologi Informasi;1;Pengelola, Pengampu;16
CSD60711;Perancangan Pengalaman Pengguna;Teknologi Informasi;1;Pengelola, Pengampu;55
CSD60711;Perancangan Pengalaman Pengguna;Teknologi Informasi;1;Pengampu;60
CSD60711;Perancangan Pengalaman Pengguna;Teknologi Informasi;1;Pengampu;62
CSD60711;Perancangan Pengalaman Pengguna;Teknologi Informasi;2;Pengampu;12
CSD60712;Probabilitas dan Statistika;Pendidikan Teknologi Informasi;1;Koordinator Pengelola, Pengelola, Pengampu;92
CSD60712;Probabilitas dan Statistika;Pendidikan Teknologi Informasi;1;Pengelola, Pengampu;100
CSD60712;Probabilitas dan Statistika;Pendidikan Teknologi Informasi;1;Pengelola, Pengampu;107
CSD60712;Probabilitas dan Statistika;Pendidikan Teknologi Informasi;1;Pengampu;11
CSD60712;Probabilitas dan Statistika;Pendidikan Teknologi Informasi;1;Pengampu;16
CSD60712;Probabilitas dan Statistika;Pendidikan Teknologi Informasi;1;Pengampu;77
CSD60712;Probabilitas dan Statistika;Pendidikan Teknologi Informasi;1;Pengampu;83
CSD60712;Probabilitas dan Statistika;Sistem Informasi;1;Pengampu;83
CSD60712;Probabilitas dan Statistika;Sistem Informasi;1;Pengampu;87
CSD60712;Probabilitas dan Statistika;Sistem Informasi;1;Pengampu;100
CSD60712;Probabilitas dan Statistika;Teknologi Informasi;1;Koordinator Pengelola, Pengelola, Pengampu;92
CSD60712;Probabilitas dan Statistika;Teknologi Informasi;1;Pengelola, Pengampu;107
CSD60712;Probabilitas dan Statistika;Teknologi Informasi;1;Pengampu;11
CSD60712;Probabilitas dan Statistika;Teknologi Informasi;1;Pengampu;16
CSD60712;Probabilitas dan Statistika;Teknologi Informasi;1;Pengampu;83
CSD60712;Probabilitas dan Statistika;Teknologi Informasi;1;Pengampu;93
CSD60712;Probabilitas dan Statistika;Teknologi Informasi;1;Pengampu;100
CSD60713;Jaringan Terapan;Pendidikan Teknologi Informasi;1;Koordinator Pengelola, Pengelola, Pengampu;17
CSD60713;Jaringan Terapan;Pendidikan Teknologi Informasi;1;Pengampu;90
CSD60713;Jaringan Terapan;Teknologi Informasi;1;Pengampu;79
CSD60713;Jaringan Terapan;Teknologi Informasi;1;Pengampu;90
CSD60714;Jaminan Kualitas Perangkat Lunak;Pendidikan Teknologi Informasi;1;Pengelola, Pengampu;4
CSD60714;Jaminan Kualitas Perangkat Lunak;Pendidikan Teknologi Informasi;1;Pengampu;1
CSD60714;Jaminan Kualitas Perangkat Lunak;Pendidikan Teknologi Informasi;1;Pengampu;6
CSD60714;Jaminan Kualitas Perangkat Lunak;Pendidikan Teknologi Informasi;1;Pengampu;67
CSD60714;Jaminan Kualitas Perangkat Lunak;Pendidikan Teknologi Informasi;2;Pengampu;40
CSD60714;Jaminan Kualitas Perangkat Lunak;Teknologi Informasi;1;Pengelola, Pengampu;4
CSD60714;Jaminan Kualitas Perangkat Lunak;Teknologi Informasi;1;Pengampu;1
CSD60714;Jaminan Kualitas Perangkat Lunak;Teknologi Informasi;1;Pengampu;40
CSD60714;Jaminan Kualitas Perangkat Lunak;Teknologi Informasi;1;Pengampu;60
CSD60714;Jaminan Kualitas Perangkat Lunak;Teknologi Informasi;1;Pengampu;67
CSD60715;Analisis Data Penelitian Kuantitatif;Pendidikan Teknologi Informasi;1;Pengampu;11
CSD60715;Analisis Data Penelitian Kuantitatif;Pendidikan Teknologi Informasi;1;Pengampu;16
CSD60715;Analisis Data Penelitian Kuantitatif;Pendidikan Teknologi Informasi;1;Pengampu;63
CSD60715;Analisis Data Penelitian Kuantitatif;Pendidikan Teknologi Informasi;1;Pengampu;63
CSD60715;Analisis Data Penelitian Kuantitatif;Pendidikan Teknologi Informasi;1;Pengampu;63
CSD60715;Analisis Data Penelitian Kuantitatif;Pendidikan Teknologi Informasi;1;Pengampu;100
CSD60715;Analisis Data Penelitian Kuantitatif;Sistem Informasi;1;Koordinator Pengelola, Pengelola, Pengampu;87
CSD60715;Analisis Data Penelitian Kuantitatif;Sistem Informasi;1;Pengelola, Pengampu;16
CSD60715;Analisis Data Penelitian Kuantitatif;Sistem Informasi;1;Pengampu;37
CSD60715;Analisis Data Penelitian Kuantitatif;Sistem Informasi;1;Pengampu;40
CSD60715;Analisis Data Penelitian Kuantitatif;Sistem Informasi;1;Pengampu;40
CSD60715;Analisis Data Penelitian Kuantitatif;Sistem Informasi;1;Pengampu;100
CSD60715;Analisis Data Penelitian Kuantitatif;Sistem Informasi;1;Pengampu;108
CSD60715;Analisis Data Penelitian Kuantitatif;Sistem Informasi;2;Pengampu;11
CSD60715;Analisis Data Penelitian Kuantitatif;Sistem Informasi;2;Pengampu;12
CSD60716;Analisis Data Penelitian Kualitatif;Pendidikan Teknologi Informasi;1;Pengelola, Pengampu;12
CSD60716;Analisis Data Penelitian Kualitatif;Pendidikan Teknologi Informasi;1;Pengampu;12
CSD60716;Analisis Data Penelitian Kualitatif;Pendidikan Teknologi Informasi;1;Pengampu;100
CSD60716;Analisis Data Penelitian Kualitatif;Sistem Informasi;1;Koordinator Pengelola, Pengelola, Pengampu;87
CSD60716;Analisis Data Penelitian Kualitatif;Sistem Informasi;1;Pengampu;37
CSD60716;Analisis Data Penelitian Kualitatif;Sistem Informasi;1;Pengampu;37
CSD60716;Analisis Data Penelitian Kualitatif;Sistem Informasi;1;Pengampu;37
CSD60716;Analisis Data Penelitian Kualitatif;Sistem Informasi;1;Pengampu;100
CSD60716;Analisis Data Penelitian Kualitatif;Sistem Informasi;2;Pengampu;12
CSD60717;Teknologi Blockchain dan Platform Keuangan Digital;Sistem Informasi;1;Koordinator Pengelola, Pengelola, Pengampu;14
CSD60717;Teknologi Blockchain dan Platform Keuangan Digital;Sistem Informasi;1;Koordinator Pengelola, Pengelola, Pengampu;47
CSD60717;Teknologi Blockchain dan Platform Keuangan Digital;Sistem Informasi;1;Pengampu;17
CSD60717;Teknologi Blockchain dan Platform Keuangan Digital;Sistem Informasi;2;Pengampu;17
CSD60717;Teknologi Blockchain dan Platform Keuangan Digital;Sistem Informasi;2;Pengampu;105
UBU60003;Kewirausahaan;Pendidikan Teknologi Informasi;2;Pengampu;62
UBU60003;Kewirausahaan;Sistem Informasi;1;Koordinator Pengelola, Pengelola, Pengampu;87
UBU60003;Kewirausahaan;Sistem Informasi;2;Pengelola, Pengampu;47
UBU60003;Kewirausahaan;Sistem Informasi;2;Pengampu;62
UBU60003;Kewirausahaan;Teknologi Informasi;1;Pengampu;15
UBU60003;Kewirausahaan;Teknologi Informasi;2;Pengelola, Pengampu;47
UBU60003;Kewirausahaan;Teknologi Informasi;2;Pengampu;62
UBU60003;Kewirausahaan;Teknologi Informasi;2;Pengampu;96
